listing,title,title_length,price,tags,tag_count,download_file,description
Golden Hour,Golden Hour Lightroom Presets | 10 Warm Sunset Presets for Mobile and Desktop | Portrait Photo Filter | Instant Download,120,12.00 USD (intro 9.00),"lightroom presets, golden hour preset, warm preset pack, sunset presets, portrait preset, mobile presets, desktop preset, photo filter, instagram preset, photography tools, summer preset, outdoor preset, preset pack",13,dist/zips/Golden Hour Lightroom Presets.zip,"GOLDEN HOUR - 10 Lightroom presets for warm, sunlit photos

That last hour of daylight is the best light you will ever get for free.
These 10 presets are built to keep it: warm skin that still looks like
skin, open shadows, and highlights that roll off instead of blowing out.

WHAT YOU GET
- 10 Lightroom presets (.xmp)
- Works on Lightroom Mobile (free version included), Lightroom Desktop,
  Lightroom Classic, and Photoshop Camera Raw
- Works on RAW and JPEG
- Step by step install guide for phone and computer
- Instant download, yours forever

THE PRESETS
01 Soft Warm - the everyday one
02 Honey Skin - built for faces in warm light
03 Deep Amber - richer, for low sun and strong side light
04 Backlit Glow - for shooting into the sun
05 Sun Flare - soft contrast, blooming highlights
06 Golden Field - pushes grass and foliage to gold
07 Warm Matte - faded blacks, editorial finish
08 Sunset Portrait - natural skin, saturated sky
09 Soft Haze - low contrast and airy
10 Rich Gold - the strongest look in the pack

WHY THESE ARE DIFFERENT
Most presets force a fixed white balance, which is why they look great on
the seller's photo and wrong on yours. These shift your photo's own white
balance instead, so they hold up across different cameras and lighting.

HOW TO INSTALL
Download, unzip, and open Lightroom. On desktop: File > Import Profiles
and Presets. On phone: Presets > three dots > Import Presets. The full
guide with screenshots-level detail is in the download.

NOTE
Presets are a starting point, not a one click finish. Every photo is lit
differently, so expect to nudge exposure after applying. That is normal
and takes seconds.

This is a digital download. No physical item will be shipped. Because it
is delivered instantly it cannot be returned, but if anything will not
install, message me and I will get it working for you."
Coastal Air,Coastal Lightroom Presets | 10 Bright Airy Beach Presets for Mobile and Desktop | Blue Ocean Photo Filter | Instant Download,124,12.00 USD (intro 9.00),"lightroom presets, beach preset, bright airy preset, coastal preset, blue presets, mobile presets, desktop preset, travel preset, instagram preset, summer preset, ocean preset, clean preset pack, photo filter",13,dist/zips/Coastal Air Lightroom Presets.zip,"COASTAL AIR - 10 Lightroom presets for bright, clean, airy photos

Beach photos usually come back two ways: grey and flat, or orange and
sunburnt. These 10 presets fix both. Clean whites, believable blue water,
and sand that stays light instead of going yellow.

WHAT YOU GET
- 10 Lightroom presets (.xmp)
- Works on Lightroom Mobile (free version included), Lightroom Desktop,
  Lightroom Classic, and Photoshop Camera Raw
- Works on RAW and JPEG
- Step by step install guide for phone and computer
- Instant download, yours forever

THE PRESETS
01 Clean Bright - the everyday one
02 Turquoise Water - sea and pool water, without wrecking the sky
03 White Sand - stops sand going yellow
04 Airy Interior - big window light, without blowing the window
05 Cool Matte - soft faded finish
06 Blue Hour - the cool light just after sunset
07 Crisp Coast - more bite, for cliffs and detail
08 Pale Linen - very light and desaturated
09 Sun and Salt - cool scene, warm skin
10 Deep Ocean - the strongest blue in the pack

WHY THESE ARE DIFFERENT
These adjust your photo's own white balance rather than forcing a fixed
one, so they work across different cameras and lighting instead of only
on the photos in the preview.

HOW TO INSTALL
Download, unzip, open Lightroom. Desktop: File > Import Profiles and
Presets. Phone: Presets > three dots > Import Presets. Full guide is in
the download.

NOTE
A preset is a starting point. Expect to nudge exposure to taste after
applying, especially on very bright or very dark shots.

This is a digital download. No physical item will be shipped. Delivered
instantly, so it cannot be returned, but message me if anything will not
install and I will sort it out."
Moody Forest,Moody Forest Lightroom Presets | 10 Dark Green Nature Presets for Mobile and Desktop | Cinematic Photo Filter | Instant Download,128,12.00 USD (intro 9.00),"lightroom presets, moody preset, forest preset, dark green preset, nature preset, cinematic preset, mobile presets, desktop preset, autumn preset, landscape preset, hiking preset, teal orange preset, photo filter",13,dist/zips/Moody Forest Lightroom Presets.zip,"MOODY FOREST - 10 Lightroom presets for deep green, low light nature

Woodland photos are hard. The light is flat, everything is the same
green, and phone cameras make it worse. These 10 presets separate the
greens, drop the shadows, and give overcast days the contrast the sky
refused to provide.

WHAT YOU GET
- 10 Lightroom presets (.xmp)
- Works on Lightroom Mobile (free version included), Lightroom Desktop,
  Lightroom Classic, and Photoshop Camera Raw
- Works on RAW and JPEG
- Step by step install guide for phone and computer
- Instant download, yours forever

THE PRESETS
01 Deep Green - the everyday one
02 Overcast Day - contrast for flat grey light
03 Misty Trail - keeps fog soft instead of fighting it
04 Emerald - saturated and jewel toned
05 Autumn Floor - flips the palette warm for fall
06 Cinematic Teal - teal shadows, warm skin
07 Rain Light - cooler and darker, wet surfaces stay glossy
08 Dark Wood - heaviest shadows in the pack
09 Soft Moss - gentle version, safe for portraits in shade
10 Night Woods - pushes toward dusk

WHY THESE ARE DIFFERENT
Green is the hardest colour to get right, so these do real hue work on
the green and yellow channels rather than just dropping saturation and
calling it moody.

HOW TO INSTALL
Download, unzip, open Lightroom. Desktop: File > Import Profiles and
Presets. Phone: Presets > three dots > Import Presets. Full guide is in
the download.

NOTE
A preset is a starting point. Expect to adjust exposure per photo,
especially under dense canopy.

This is a digital download. No physical item will be shipped. Delivered
instantly, so it cannot be returned, but message me if anything will not
install."
Vintage Film 35,Vintage Film Lightroom Presets | 10 Retro 35mm Presets for Mobile and Desktop | Faded Matte Analog Photo Filter | Instant Download,130,12.00 USD (intro 9.00),"lightroom presets, film preset, vintage preset, 35mm preset, retro preset, faded preset, matte preset, analog preset, mobile presets, desktop preset, grain preset, kodak style preset, photo filter",13,dist/zips/Vintage Film 35 Lightroom Presets.zip,"VINTAGE FILM 35 - 10 Lightroom presets for a real 35mm feel

Film looks like film because of three things: blacks that never reach
black, grain, and colour that drifts. These 10 presets do all three, with
proper channel curves rather than a saturation slider pulled to the left.

WHAT YOU GET
- 10 Lightroom presets (.xmp)
- Works on Lightroom Mobile (free version included), Lightroom Desktop,
  Lightroom Classic, and Photoshop Camera Raw
- Works on RAW and JPEG
- Step by step install guide for phone and computer
- Instant download, yours forever

THE PRESETS
01 Faded 400 - the house look
02 Cross Process - cyan shadows, yellow green highlights
03 Warm Kodak - warm and nostalgic
04 Cool Fuji - green leaning and cooler
05 Heavy Fade - maximum matte
06 Sun Bleached - overexposed summer look
07 Night Flash - direct flash party look
08 Expired Roll - off colour on purpose
09 Soft Portrait - film base eased off for faces
10 Contrast Print - darkroom punch on a faded base

WHY THESE ARE DIFFERENT
The colour shifts are done with per channel tone curves, which is how
film actually misbehaves. That is why these read analog instead of just
washed out.

HOW TO INSTALL
Download, unzip, open Lightroom. Desktop: File > Import Profiles and
Presets. Phone: Presets > three dots > Import Presets. Full guide is in
the download.

NOTE
Grain is included and is meant to be visible. If you want less, pull the
Grain slider down after applying.

This is a digital download. No physical item will be shipped. Delivered
instantly, so it cannot be returned, but message me if anything will not
install."
Mono Editorial,Black and White Lightroom Presets | 10 Editorial Mono Presets for Mobile and Desktop | Film Noir Photo Filter | Instant Download,128,12.00 USD (intro 9.00),"lightroom presets, black and white, bw preset, mono preset, editorial preset, film noir preset, portrait preset, mobile presets, desktop preset, street preset, sepia preset, high contrast bw, photo filter",13,dist/zips/Mono Editorial Lightroom Presets.zip,"MONO EDITORIAL - 10 black and white Lightroom presets

Desaturating a photo does not make it black and white, it makes it grey.
Real mono conversion decides how bright each original colour becomes.
These 10 presets do that properly, so skies go dramatic and skin stays
alive.

WHAT YOU GET
- 10 Lightroom presets (.xmp)
- Works on Lightroom Mobile (free version included), Lightroom Desktop,
  Lightroom Classic, and Photoshop Camera Raw
- Works on RAW and JPEG
- Step by step install guide for phone and computer
- Instant download, yours forever

THE PRESETS
01 Clean Mono - neutral and honest
02 Soft Portrait - low contrast, bright skin
03 Hard Light - high contrast, deep blacks
04 Matte Grey - faded gallery print flatness
05 Dark Sky - drops blue hard for dramatic skies
06 Street Grain - documentary look, coarse grain
07 Warm Sepia - brown shadows, cream highlights
08 Cool Selenium - blue grey darkroom finish
09 High Key - bright and open
10 Low Key - subject carved out of shadow

WHY THESE ARE DIFFERENT
Each preset sets its own black and white channel mix, so two photos of
different subjects do not come out looking like the same grey soup.

HOW TO INSTALL
Download, unzip, open Lightroom. Desktop: File > Import Profiles and
Presets. Phone: Presets > three dots > Import Presets. Full guide is in
the download.

NOTE
Mono rewards contrast. If a photo looks flat, try Hard Light or add a
little contrast after applying.

This is a digital download. No physical item will be shipped. Delivered
instantly, so it cannot be returned, but message me if anything will not
install."
Portrait Natural,Portrait Lightroom Presets | 10 Natural Skin Tone Presets for Mobile and Desktop | Portrait Photo Filter | Instant Download,123,14.00 USD (intro 11.00),"lightroom presets, portrait preset, skin tone preset, natural preset, photographer preset, mobile presets, desktop preset, headshot preset, beauty preset, wedding preset, editorial preset, photo filter, preset pack",13,dist/zips/Portrait Natural Lightroom Presets.zip,"PORTRAIT NATURAL - 10 Lightroom presets built around skin

Most preset packs are landscape looks that happen to get used on people.
Skin is the hardest thing to edit and the first thing a viewer notices
when it is wrong. These 10 presets are built the other way round: skin
first, everything else in service of it.

WHAT YOU GET
- 10 Lightroom presets (.xmp)
- Works on Lightroom Mobile (free version included), Lightroom Desktop,
  Lightroom Classic, and Photoshop Camera Raw
- Works on RAW and JPEG
- Step by step install guide for phone and computer
- Instant download, yours forever

THE PRESETS
01 True Skin - neutral and honest, the everyday one
02 Warm Glow - sunlight on skin, without going orange
03 Cool Editorial - cooler and quieter, fashion leaning
04 Soft Matte - faded blacks, gentle finish
05 High Key Beauty - bright, clean, low contrast
06 Deep Portrait - low key and rich
07 Backlit Outdoor - for faces shot against the light
08 Studio Warm - warm studio finish, controlled reds
09 Pastel Soft - muted background, face leads
10 Mono Portrait - black and white tuned for faces

BUILT FOR EVERY COMPLEXION
These were checked against deep, medium and fair skin tones, and in warm,
cool and studio light. Reds are held back rather than pushed, which is
what stops a preset turning one person orange while leaving another grey.

WHY THESE ARE DIFFERENT
They adjust your photo's own white balance rather than forcing a fixed
one, so they survive moving between cameras and lighting. They also do
not crop, rotate, or touch your framing.

HOW TO INSTALL
Download, unzip, open Lightroom. Desktop: File > Import Profiles and
Presets. Phone: Presets > three dots > Import Presets. Full guide is in
the download.

NOTE
A preset is a starting point. Skin varies more than any other subject,
so expect to nudge exposure and white balance per photo. That is normal
and takes seconds.

This is a digital download. No physical item will be shipped. Delivered
instantly, so it cannot be returned, but message me if anything will not
install and I will get it working for you."
Fresh Table,Food Photography Lightroom Presets | 10 Food Blogger Presets for Mobile and Desktop | Restaurant Product Filter | Instant Download,130,14.00 USD (intro 11.00),"lightroom presets, food preset, food blogger preset, food photography, restaurant preset, recipe preset, product preset, mobile presets, desktop preset, cafe preset, menu photo preset, dark moody food, photo filter",13,dist/zips/Fresh Table Lightroom Presets.zip,"FRESH TABLE - 10 Lightroom presets for food, drinks and products

Food photography fails in specific ways. Greens go yellow and look
wilted. Whites go cream so the plate looks dirty. Reds blow out so meat
and tomato lose their texture. These 10 presets are built around those
exact problems.

WHAT YOU GET
- 10 Lightroom presets (.xmp)
- Works on Lightroom Mobile (free version included), Lightroom Desktop,
  Lightroom Classic, and Photoshop Camera Raw
- Works on RAW and JPEG, including phone photos
- Step by step install guide for phone and computer
- Instant download, yours forever

THE PRESETS
01 Clean Plate - neutral and appetising, the everyday one
02 Warm Rustic - warm wood and linen, the homemade look
03 Bright Airy - white plates and lots of light, cafe menu clean
04 Dark Moody - deep surround, food carved out by light
05 Fresh Greens - salads and herbs read crisp, not wilted
06 Golden Bake - bread and pastry, crust goes golden not orange
07 Crisp Product - neutral product shot, clean whites, sharp edges
08 Matte Editorial - muted magazine finish
09 Cool Marble - for marble and ceramic, stops white going cream
10 Rich Drama - the hero shot, deep contrast and full colour

WHO THIS IS FOR
Food bloggers, recipe creators, restaurants and cafes photographing
their own menu, small food businesses, and anyone selling a physical
product who needs shots that look consistent.

WHY THESE ARE DIFFERENT
The green and yellow channels are handled separately, which is what
keeps herbs and salad looking fresh instead of tired. Whites are held
neutral so plates and marble do not drift warm.

HOW TO INSTALL
Download, unzip, open Lightroom. Desktop: File > Import Profiles and
Presets. Phone: Presets > three dots > Import Presets. Full guide is in
the download.

NOTE
A preset is a starting point. Restaurant lighting in particular varies
wildly, so expect to set white balance first, then apply.

This is a digital download. No physical item will be shipped. Delivered
instantly, so it cannot be returned, but message me if anything will not
install and I will get it working for you."
The Full Bundle,Lightroom Preset Bundle | 70 Presets for Mobile and Desktop | Portrait Food Golden Hour Coastal and Film | Instant Download,123,"39.00 USD (intro 32.00, anchored against 88.00 bought separately)","lightroom presets, preset bundle, portrait preset, food preset, desktop preset, photo filter, instagram preset, skin tone preset, film preset, moody preset, bright airy preset, black and white, golden hour preset",13,dist/zips/SoftSmith Lightroom Preset Bundle.zip,"THE FULL BUNDLE - 70 Lightroom presets, 7 packs, one download

Everything in the shop, at less than half the price of buying the packs
separately.

WHAT YOU GET
- 70 Lightroom presets (.xmp) across 7 complete packs
- Portrait Natural - skin-first presets for every complexion
- Fresh Table - food, drinks and product photography
- Golden Hour - warm, sunlit portrait and outdoor tones
- Coastal Air - bright, clean, airy blues
- Moody Forest - deep green, low light nature
- Vintage Film 35 - faded blacks, grain, analog colour
- Mono Editorial - black and white with real channel control
- Works on Lightroom Mobile (free version included), Lightroom Desktop,
  Lightroom Classic, and Photoshop Camera Raw
- Works on RAW and JPEG
- Step by step install guide for phone and computer
- Instant download, yours forever

WHO THIS IS FOR
Anyone who shoots more than one kind of photo. A warm portrait pack is
useless on a rainy forest hike, and a moody green pack is useless at the
beach. This covers the range.

WHY THESE ARE DIFFERENT
These adjust your photo's own white balance rather than forcing a fixed
one, and they never crop or rotate your photo. They are built to work on
your files, not just on the preview images.

HOW TO INSTALL
Download, unzip, open Lightroom. Desktop: File > Import Profiles and
Presets. Phone: Presets > three dots > Import Presets. Each pack has its
own folder and full guide inside.

This is a digital download. No physical item will be shipped. Delivered
instantly, so it cannot be returned, but message me if anything will not
install and I will get it working for you."
